[
{
"id": 1,
"name": "ALTA GRAFICO A.E.",
"company": "ALTA GRAFICO A.E.",
"work_title": "ΓΡΑΦΙΚΕΣ ΤΕΧΝΕΣ",
"email": "",
"mobile": "",
"phone": "-",
"address": "46η ΟΔΟΣ - ΒΙΟ.ΠΑ.",
"number": 12,
"postal_code": 13341,
"city": "ΑΝΩ ΛΙΟΣΙΑ",
"vat": 95173314,
"doy": "ΦΑΕ ΑΘΗΝΩΝ"
},
{
"id": 2,
"name": "ΜΑΚΕΔΟΝΙΚΕΣ ΠΡΩΤΕΪΝΕΣ Α.Ε.",
"company": "ΜΑΚΕΔΟΝΙΚΕΣ ΠΡΩΤΕΪΝΕΣ Α.Ε.",
"work_title": "ΒΙΟΜΗΧΑΝΙΚΗ-ΕΜΠΟΡΙΚΗ",
"email": "",
"mobile": "",
"phone": "-",
"address": "ΒΙ.ΠΕ. ΚΙΛΚΙΣ",
"number": 0,
"postal_code": 61100,
"city": "ΚΙΛΚΙΣ",
"vat": 99797947,
"doy": "ΚΙΛΚΙΣ"
},
{
"id": 3,
"name": "ΗΠΕΙΡΩΤΙΚΕΣ ΠΡΩΤΕΪΝΕΣ Α.Ε.",
"company": "ΗΠΕΙΡΩΤΙΚΕΣ ΠΡΩΤΕΪΝΕΣ Α.Ε.",
"work_title": "ΒΙΟΜΗΧΑΝΙΚΗ-ΕΜΠΟΡΙΚΗ",
"email": "",
"mobile": "",
"phone": "-",
"address": "ΒΙ.ΠΕ. ΙΩΑΝΝΙΝΩΝ",
"number": 0,
"postal_code": 45500,
"city": "ΙΩΑΝΝΙΝΑ",
"vat": 94441616,
"doy": "ΙΩΑΝΝΙΝΩΝ"
},
{
"id": 4,
"name": "ΣΑΒΒΟΥΛΙΔΗΣ ΜΑΡΙΟΣ",
"company": "ΣΑΒΒΟΥΛΙΔΗΣ ΜΑΡΙΟΣ",
"work_title": "ΕΤΟΙΜΑ ΕΝΔΥΜΑΤΑ",
"email": "",
"mobile": "",
"phone": "-",
"address": "ΒΑΣ. ΣΟΦΙΑΣ",
"number": 10,
"postal_code": 50200,
"city": "ΠΤΟΛΕΜΑΪΔΑ",
"vat": 106062920,
"doy": "ΠΤΟΛΕΜΑΪΔΑ"
},
{
"id": 5,
"name": "ΠΑΛΙΒΟΣ ΧΡ. ΠΕΤΡΟΣ",
"company": "ΠΑΛΙΒΟΣ ΧΡ. ΠΕΤΡΟΣ",
"work_title": "ΜΗΧΑΝΟΛΟΓΟΣ ΜΗΧΑΝΙΚΟΣ",
"email": "",
"mobile": "",
"phone": "-",
"address": "ΔΩΔΕΚΑΝΗΣΟΥ",
"number": 77,
"postal_code": 55131,
"city": "ΘΕΣΣΑΛΟΝΙΚΗ",
"vat": 131138455,
"doy": "ΚΑΛΑΜΑΡΙΑΣ"
},
{
"id": 6,
"name": "ΟΡΓΑΝΙΣΜΟΣ ΛΙΜΕΝΟΣ ΛΑΥΡΙΟΥ Ο.Ε.",
"company": "ΟΡΓΑΝΙΣΜΟΣ ΛΙΜΕΝΟΣ ΛΑΥΡΙΟΥ Ο.Ε.",
"work_title": "ΕΚΜ.Χ.Ζ.ΛΙΜΕΝΟΣ ΛΑΥΡΙΟΥ",
"email": "",
"mobile": "",
"phone": "-",
"address": "ΑΚΤΗ Α.ΠΑΠΑΝΔΡΕΟΥ",
"number": 0,
"postal_code": 19500,
"city": "ΛΑΥΡΙΟ",
"vat": 90173036,
"doy": "ΦΑΕ ΑΘΗΝΩΝ"
},
{
"id": 7,
"name": "PAPER LAB ΜΟΝΟΠΡΟΣΩΠΗ Ι.Κ.Ε.",
"company": "PAPER LAB ΜΟΝΟΠΡΟΣΩΠΗ Ι.Κ.Ε.",
"work_title": "ΓΡΑΦΙΚΕΣ ΤΕΧΝΕΣ",
"email": "",
"mobile": "",
"phone": "-",
"address": "ΑΓ.ΚΩΝΣΤΑΝΤΙΝΟΥ",
"number": 69,
"postal_code": 18344,
"city": "ΜΟΣΧΑΤΟ",
"vat": 800643738,
"doy": "ΜΟΣΧΑΤΟΥ"
},
{
"id": 8,
"name": "ΛΑΔΟΠΟΥΛΟΣ ΠΑΝ. ΕΥΑΓΓΕΛΌΣ",
"company": "ΛΑΔΟΠΟΥΛΟΣ ΠΑΝ. ΕΥΑΓΓΕΛΌΣ",
"work_title": "ΟΡΘΟΠΕΔΙΚΑ ΕΙΔΗ",
"email": "",
"mobile": "",
"phone": "-",
"address": "ΑΓΧΙΑΛΟΥ",
"number": 37,
"postal_code": 17124,
"city": "ΝΕΑ ΣΜΥΡΝΗ",
"vat": 106995800,
"doy": "ΝΕΑ ΣΜΥΡΝΗ"
},
{
"id": 9,
"name": "ΤΣΕΤΗ ΙΟΥΛΙΑ ΚΑΙ ΕΙΡΗΝΗ Ο.Ε.",
"company": "ΤΣΕΤΗ ΙΟΥΛΙΑ ΚΑΙ ΕΙΡΗΝΗ Ο.Ε.",
"work_title": "ΦΑΡΜΑΚΕΥΤΙΚΑ ΕΡΓΑΣΤΗΡΙΑ",
"email": "",
"mobile": "",
"phone": "-",
"address": "ΚΑΛΥΦΤΑΚΗ",
"number": 27,
"postal_code": 14564,
"city": "ΚΗΦΙΣΙΑ",
"vat": 94420381,
"doy": "ΦΑΕ ΑΘΗΝΩΝ"
},
{
"id": "10,LIFE TRAVEL AND CONGRESS MΟΝ. Ι.Κ.Ε.",
"name": "LIFE TRAVEL AND CONGRESS MΟΝ. Ι.Κ.Ε.",
"company": "ΓΡΑΦΕΙΟ ΤΟΥΡΙΣΜΟΥ",
"work_title": "",
"email": "",
"mobile": "-",
"phone": "ΓΡΗΓΟΡΙΟΥ ΠΑΛΑΜΑ",
"address": 1,
"number": 54622,
"postal_code": "ΘΕΣΣΑΛΟΝΙΚΗ",
"city": 800456794,
"vat": "Δ' ΘΕΣΣΑΛΟΝΙΚΗΣ",
"doy": ""
},
{
"id": 11,
"name": "ΠΑΝΙΚΑΡΙΑΚΟΣ Α.Σ. ΕΥΔΗΛΟΥ",
"company": "ΠΑΝΙΚΑΡΙΑΚΟΣ Α.Σ. ΕΥΔΗΛΟΥ",
"work_title": "ΑΘΛΗΤΙΚΟ ΣΩΜΑΤΕΙΟ",
"email": "",
"mobile": "",
"phone": "-",
"address": "ΕΥΔΗΛΟΣ ΙΚΑΡΙΑΣ",
"number": 0,
"postal_code": 83302,
"city": "ΙΚΑΡΙΑ",
"vat": 800055180,
"doy": "ΑΓ. ΚΗΡΥΚΟΥ"
},
{
"id": 12,
"name": "ΣΠΑΝΟΓΙΑΝΝΗΣ ΕΚΠΑΙΔΕΥΤΙΚΗ ΚΑΙ ΣΙΑ Ε.Ε.",
"company": "ΣΠΑΝΟΓΙΑΝΝΗΣ ΕΚΠΑΙΔΕΥΤΙΚΗ ΚΑΙ ΣΙΑ Ε.Ε.",
"work_title": "ΦΡΟΝΤΗΣΤΗΡΙΑ ΞΕΝΩΝ ΓΛΩΣΣΩΝ",
"email": "",
"mobile": "",
"phone": "-",
"address": "ΕΛ.ΒΕΝΙΖΕΛΟΥ",
"number": "163Β",
"postal_code": 17672,
"city": "ΚΑΛΛΙΘΕΑ",
"vat": 800850346,
"doy": "Α' ΚΑΛΛΙΘΕΑΣ"
},
{
"id": 13,
"name": "ΣΑΝΤΑΣ ΧΑΡΙΛΑΟΣ",
"company": "ΣΑΝΤΑΣ ΧΑΡΙΛΑΟΣ",
"work_title": "ΥΠΗΡΕΣΙΕΣ ΚΑΝΤΙΝΑΣ",
"email": "",
"mobile": "",
"phone": "-",
"address": "ΕΠΙΣΚΟΠΟΣ ΛΕΥΚΑΔΑΣ",
"number": 0,
"postal_code": 31100,
"city": "ΛΕΥΚΑΔΑ",
"vat": 301378016,
"doy": "ΛΕΥΚΑΔΑΣ"
},
{
"id": 14,
"name": "ΟΛΥΜΠΙΑΚΟΣ ΚΑΛΛΙΘΕΑΣ",
"company": "ΟΛΥΜΠΙΑΚΟΣ ΚΑΛΛΙΘΕΑΣ",
"work_title": "ΑΘΛΗΤΙΚΟ ΣΩΜΑΤΕΙΟ",
"email": "",
"mobile": "",
"phone": "-",
"address": "ΠΛΑΤΩΝΟΣ",
"number": 134,
"postal_code": 17674,
"city": "ΚΑΛΛΙΘΕΑ",
"vat": 90261964,
"doy": "ΚΑΛΛΙΘΕΑΣ"
},
{
"id": 15,
"name": "Α.Ο. ΠΑΡΑΔΕΙΣΟΣ ΑΜΑΡΟΥΣΙΟΥ-ΚΗΦΙΣΙΑ",
"company": "Α.Ο. ΠΑΡΑΔΕΙΣΟΣ ΑΜΑΡΟΥΣΙΟΥ-ΚΗΦΙΣΙΑ",
"work_title": "ΑΘΛΗΤΙΚΟ ΣΩΜΑΤΕΙΟ",
"email": "",
"mobile": "",
"phone": "-",
"address": "ΝΙΟΒΗΣ ΚΑΙ ΔΙΟΝΥΣΟΥ",
"number": 0,
"postal_code": 15124,
"city": "ΜΑΡΟΥΣΙ",
"vat": 90159134,
"doy": "ΑΜΑΡΟΥΣΙΟΥ"
},
{
"id": 16,
"name": "ΠΕΡΣΕΥΣ Α.Ε.",
"company": "ΠΕΡΣΕΥΣ Α.Ε.",
"work_title": "ΥΓ.ΜΕΡΙΜΝΑ ΜΑΕ",
"email": "",
"mobile": "",
"phone": "-",
"address": "ΕΘΝ.ΜΑΚΑΡΙΟΥ ΚΑΙ ΕΛ.ΒΕΝΙΖΕΛΟΥ",
"number": 0,
"postal_code": 18547,
"city": "ΝΕΟ ΦΑΛΗΡΟ",
"vat": 99551880,
"doy": "ΦΑΕ ΠΕΙΡΑΙΑ"
},
{
"id": 17,
"name": "ΕΘΝΙΚΟΣ ΛΥΚΙΑΣ",
"company": "ΕΘΝΙΚΟΣ ΛΥΚΙΑΣ",
"work_title": "ΑΘΛΗΤΙΚΟ ΣΩΜΑΤΕΙΟ",
"email": "",
"mobile": "",
"phone": "-",
"address": "ΠΛΑΤΑΙΩΝ 4-6",
"number": 4,
"postal_code": 19005,
"city": "ΝΕΑ ΜΑΚΡΗ",
"vat": 996808710,
"doy": "ΠΑΛΛΗΝΗΣ"
},
{
"id": 18,
"name": "Α.Ο. ΦΟΙΝΙΞ ΚΑΛΛΙΘΕΑΣ",
"company": "Α.Ο. ΦΟΙΝΙΞ ΚΑΛΛΙΘΕΑΣ",
"work_title": "ΑΘΛΗΤΙΚΟ ΣΩΜΑΤΕΙΟ",
"email": "",
"mobile": "",
"phone": "-",
"address": "ΔΗΜ.ΣΤΑΔΙΟ ΚΑΛΛΙΘΕΑΣ",
"number": 0,
"postal_code": 17671,
"city": "ΚΑΛΛΙΘΕΑ",
"vat": 900044080,
"doy": "ΚΑΛΛΙΘΕΑΣ"
},
{
"id": 19,
"name": "ΚΟΥΡΕΜΕΝΟΥ ΕΛΕΩΝΟΡΑ ΚΑΙ ΣΙΑ Ε.Ε.",
"company": "ΚΟΥΡΕΜΕΝΟΥ ΕΛΕΩΝΟΡΑ ΚΑΙ ΣΙΑ Ε.Ε.",
"work_title": "ΨΗΤΟΠΩΛΕΙΟ",
"email": "",
"mobile": "",
"phone": "-",
"address": "ΑΘΗΝΟΔΩΡΟΥ ΚΑΙ ΗΟΥΣ",
"number": 96,
"postal_code": 11853,
"city": "ΑΘΗΝΑ",
"vat": 998346855,
"doy": "Α΄ ΑΘΗΝΩΝ"
},
{
"id": 20,
"name": "ΚΛΑΔΑΣ ΜΙΧΑΗΛ",
"company": "ΚΛΑΔΑΣ ΜΙΧΑΗΛ",
"work_title": "ΓΕΡΑΝΟΙ-ΜΕΤΑΦΟΡΕΣ",
"email": "",
"mobile": "",
"phone": "-",
"address": "ΙΚΟΝΙΟΥ",
"number": 80,
"postal_code": 19200,
"city": "ΕΛΕΥΣΙΝΑ",
"vat": 53574236,
"doy": "ΕΛΕΥΣΙΝΑΣ"
},
{
"id": 21,
"name": "ΠΑΠΑΔΟΜΑΝΩΛΑΚΗΣ ΝΙΚΟΛΑΟΣ",
"company": "ΠΑΠΑΔΟΜΑΝΩΛΑΚΗΣ ΝΙΚΟΛΑΟΣ",
"work_title": "ΔΙΑΦΗΜΙΣΕΙΣ",
"email": "",
"mobile": "",
"phone": "-",
"address": "ΥΜΗΤΤΟΥ",
"number": 81,
"postal_code": 11633,
"city": "ΑΘΗΝΑ-ΠΑΓΚΡΑΤΙ",
"vat": 50620006,
"doy": "ΙΖ' ΑΘΗΝΩΝ"
},
{
"id": 22,
"name": "ΣΓΑΡΔΕΛΗΣ ΚΑΙ ΣΙΑ Ε.Ε.",
"company": "ΣΓΑΡΔΕΛΗΣ ΚΑΙ ΣΙΑ Ε.Ε.",
"work_title": "ΠΡΑΤΗΡΙΟ ΥΓΡΩΝ ΚΑΥΣΙΜΩΝ",
"email": "",
"mobile": "",
"phone": "-",
"address": "ΝΑΟΥΣΑ ΠΑΡΟΥ",
"number": 0,
"postal_code": 84401,
"city": "ΠΑΡΟΣ",
"vat": 997805568,
"doy": "ΠΑΡΟΥ"
},
{
"id": 23,
"name": "ΑΙΓΕΑΣ Α.Μ.Κ.Ε.",
"company": "ΑΙΓΕΑΣ Α.Μ.Κ.Ε.",
"work_title": "ΠΟΛΙΤΙΣΜΟΥ ΚΑΙ ΚΟΙΝΟΦΕΛΟΥΣ ΑΜΚΕ",
"email": "",
"mobile": "",
"phone": "-",
"address": "ΓΡΗΓΟΡΙΟΥ ΛΑΜΠΡΑΚΗ",
"number": 69,
"postal_code": 16675,
"city": "ΓΛΥΦΑΔΑ",
"vat": 997159799,
"doy": "ΓΛΥΦΑΔΑΣ"
},
{
"id": 24,
"name": "ΔΗΜΗΤΡΙΑΔΗΣ ΝΙΚΟΛΑΟΣ",
"company": "ΔΗΜΗΤΡΙΑΔΗΣ ΝΙΚΟΛΑΟΣ",
"work_title": "ΒΙΟΤΕΧΝΙΑ ΑΘΛΗΤΙΚΩΝ ΕΝΔΥΜΑΤΩΝ",
"email": "",
"mobile": "",
"phone": "-",
"address": "ΧΡΥΣ.ΣΜΥΡΝΗΣ",
"number": 26,
"postal_code": 17671,
"city": "ΚΑΛΛΙΘΕΑ",
"vat": 34392183,
"doy": "ΚΑΛΛΙΘΕΑΣ"
},
{
"id": 25,
"name": "PASSARELLA Ε.Ε.",
"company": "PASSARELLA Ε.Ε.",
"work_title": "ΚΟΥΛΟΥΡΟΠΟΪΑ-ΖΑΧΑΡΟΠΛΑΣΤΙΚΗ",
"email": "",
"mobile": "",
"phone": "-",
"address": "Λ.ΑΜΦΙΘΕΑΣ",
"number": 103,
"postal_code": 17563,
"city": "ΠΑΛΑΙΟ ΦΑΛΗΡΟ",
"vat": 81297705,
"doy": "ΦΑΕ ΑΘΗΝΩΝ"
},
{
"id": 26,
"name": "ΡΑΓΚΟΥΣΗΣ ΓΕΩΡΓΙΟΣ ΚΑΙ ΥΙΟΙ Α.Ε.",
"company": "ΡΑΓΚΟΥΣΗΣ ΓΕΩΡΓΙΟΣ ΚΑΙ ΥΙΟΙ Α.Ε.",
"work_title": "ΓΕΝΙΚΟ ΕΜΠΟΡΙΟ",
"email": "",
"mobile": "",
"phone": "-",
"address": "ΒΟΥΤΑΚΟΣ ΠΑΡΟΥ",
"number": 0,
"postal_code": 84400,
"city": "ΠΑΡΟΣ",
"vat": 999247586,
"doy": "ΠΑΡΟΥ"
},
{
"id": 27,
"name": "ΑΝΟΥΣΑΚΗ ΜΑΡΙΑΝΝΑ ΚΑΙ ΣΙΑ Ε.Ε.",
"company": "ΑΝΟΥΣΑΚΗ ΜΑΡΙΑΝΝΑ ΚΑΙ ΣΙΑ Ε.Ε.",
"work_title": "ΨΑΡΟΤΑΒΕΡΝΑ-ΟΥΖΕΡΙ",
"email": "",
"mobile": "",
"phone": "-",
"address": "ΠΙΣΩ ΛΙΒΑΔΙ ΠΑΡΟΥ",
"number": 0,
"postal_code": 84400,
"city": "ΠΑΡΟΣ",
"vat": 99565872,
"doy": "ΠΑΡΟΥ"
},
{
"id": 28,
"name": "ΤΡΙΠΟΔΑΚΗΣ ΑΝΤΩΝΙΟΣ Ε.Π.Ε.",
"company": "ΤΡΙΠΟΔΑΚΗΣ ΑΝΤΩΝΙΟΣ Ε.Π.Ε.",
"work_title": "ΟΙΝΟΠΟΪΑ-ΟΞΟΠΟΙΪΑ",
"email": "",
"mobile": "",
"phone": "-",
"address": "ΘΕΣΗ ΒΡΑΓΚΟ ΖΑΦ. ΚΑΛΑΘΑ",
"number": 0,
"postal_code": 19200,
"city": "ΕΛΕΥΣΙΝΑ",
"vat": 95168285,
"doy": "ΕΛΕΥΣΙΝΑΣ"
},
{
"id": 29,
"name": "ΤΡΙΠΟΔΑΚΗΣ ΚΩΝΣΤΑΝΤΙΝΟΣ ΚΑΙ ΣΙΑ Ε.Ε.",
"company": "ΤΡΙΠΟΔΑΚΗΣ ΚΩΝΣΤΑΝΤΙΝΟΣ ΚΑΙ ΣΙΑ Ε.Ε.",
"work_title": "ΟΙΝΟΠΟΪΑ-ΕΜΦΙΑΛΩΤΗΡΙΟ ΟΙΝΟΥ",
"email": "",
"mobile": "",
"phone": "-",
"address": "ΘΕΣΗ ΒΡΑΓΚΟ ΖΑΦ. ΚΑΛΑΘΑ",
"number": 0,
"postal_code": 19200,
"city": "ΕΛΕΥΣΙΝΑ",
"vat": 997764613,
"doy": "ΕΛΕΥΣΙΝΑΣ"
},
{
"id": 30,
"name": "ΤΥΡΟΚΟΜΙΚΗ ΚΑΡΔΙΤΣΑΣ Α.Ε.",
"company": "ΤΥΡΟΚΟΜΙΚΗ ΚΑΡΔΙΤΣΑΣ Α.Ε.",
"work_title": "ΤΥΡΟΚΟΜΕΙΟ",
"email": "",
"mobile": "",
"phone": "-",
"address": "1ο ΧΛΜ. Π.Ο. ΚΑΡΔΙΤΣΑΣ-ΤΡΙΚΑΛΩΝ",
"number": 0,
"postal_code": 43100,
"city": "ΚΑΡΔΙΤΣΑ",
"vat": 94348041,
"doy": "ΚΑΡΔΙΤΣΑΣ"
},
{
"id": 31,
"name": "ΓΚΑΪΔΑΤΖΗΣ ΠΑΝΑΓΙΩΤΗΣ (ΠΑΠΑΓΑΛΟΣ)",
"company": "ΓΚΑΪΔΑΤΖΗΣ ΠΑΝΑΓΙΩΤΗΣ (ΠΑΠΑΓΑΛΟΣ)",
"work_title": "ΠΙΤΣΑ-ΜΕΖΕΔΟΠΩΛΕΙΟ",
"email": "",
"mobile": "",
"phone": "-",
"address": "ΠΑΝ.ΤΣΑΛΔΑΡΗ",
"number": 261,
"postal_code": 17675,
"city": "ΚΑΛΛΙΘΕΑ",
"vat": 27663970,
"doy": "ΚΑΛΛΙΘΕΑΣ"
},
{
"id": 32,
"name": "ΕΛΑΝΕΤ ΕΛΛΗΝΙΚΗ ΑΝΑΠΤΥΞΙΑΚΗ ΕΤΑΙΡΙΑ",
"company": "ΕΛΑΝΕΤ ΕΛΛΗΝΙΚΗ ΑΝΑΠΤΥΞΙΑΚΗ ΕΤΑΙΡΙΑ",
"work_title": "ΑΣΤΙΚΗ ΜΗ ΚΕΡΔΟΣΚΟΠΙΚΗ ΕΤΑΙΡΙΑ",
"email": "",
"mobile": "",
"phone": "-",
"address": "ΠΑΝΕΠΙΣΤΗΜΙΟΥ",
"number": 39,
"postal_code": 10564,
"city": "ΑΘΗΝΑ",
"vat": 90136840,
"doy": "Δ΄ ΑΘΗΝΩΝ"
},
{
"id": 33,
"name": "PHOENIX SHIPPING AND TRADING S.A.",
"company": "PHOENIX SHIPPING AND TRADING S.A.",
"work_title": "ΝΑΥΤΙΛΙΑΚΗ ΕΤΑΙΡΙΑ",
"email": "",
"mobile": "",
"phone": "-",
"address": "ΑΚΤΗ ΜΙΑΟΥΛΗ 47-49",
"number": 47,
"postal_code": 18536,
"city": "ΠΕΙΡΑΙΑΣ",
"vat": 997596625,
"doy": "ΠΛΟΙΩΝ ΠΕΙΡΑΙΑ"
},
{
"id": 34,
"name": "ΛΑΜΠΟΚΕΜ ΕΜΠΟΡΙΚΗ",
"company": "ΛΑΜΠΟΚΕΜ ΕΜΠΟΡΙΚΗ",
"work_title": "Α' ΥΛΩΝ ΦΑΡΜΑΚΟΒΙΟΜΗΝΙΑΣ",
"email": "",
"mobile": "",
"phone": "-",
"address": "ΑΡΙΣΤΟΝΙΚΟΥ",
"number": 1,
"postal_code": 11636,
"city": "ΑΘΗΝΑ",
"vat": 95454738,
"doy": "ΦΑΕ ΑΘΗΝΩΝ"
},
{
"id": 35,
"name": "ΚΑΡΑΓΙΛΑΝΗΣ Σ. Ε.Π.Ε.",
"company": "ΚΑΡΑΓΙΛΑΝΗΣ Σ. Ε.Π.Ε.",
"work_title": "ΣΥΜΒΟΥΛΟΙ ΕΠΙΧΕΙΡΗΣΕΩΝ",
"email": "",
"mobile": "",
"phone": "-",
"address": "Λ.ΒΟΥΛΙΑΓΜΕΝΗΣ",
"number": 512,
"postal_code": 17456,
"city": "ΑΛΙΜΟΣ",
"vat": 95725334,
"doy": "ΓΛΥΦΑΔΑΣ"
},
{
"id": 36,
"name": "ΝΑΥΤΙΚΟΣ ΟΜΙΛΟΣ ΣΗΤΕΙΑΣ",
"company": "ΝΑΥΤΙΚΟΣ ΟΜΙΛΟΣ ΣΗΤΕΙΑΣ",
"work_title": "ΝΑΥΤΙΚΟΣ ΟΜΙΛΟΣ",
"email": "",
"mobile": "",
"phone": "-",
"address": "ΛΙΜΑΝΙ ΣΗΤΕΙΑΣ",
"number": 0,
"postal_code": 72300,
"city": "ΣΗΤΕΙΑ",
"vat": 90235621,
"doy": "ΑΓ.ΝΙΚΟΛΑΟΥ"
},
{
"id": 37,
"name": "DELMOCCA ΜΟΝΟΠΡΟΣΩΠΗ Ι.Κ.Ε.",
"company": "DELMOCCA ΜΟΝΟΠΡΟΣΩΠΗ Ι.Κ.Ε.",
"work_title": "ΕΜΠΟΡΙΟ ΚΑΦΕ ΚΑΙ ΣΥΝΑΦΩΝ ΕΙΔΩΝ",
"email": "",
"mobile": "",
"phone": "-",
"address": "ΗΦΑΙΣΤΟΥ (ΠΟΡΤΣΙ ΚΟΡΩΠΙΟΥ)",
"number": 1,
"postal_code": 19400,
"city": "ΚΟΡΩΠΙ",
"vat": 801377190,
"doy": "ΚΟΡΩΠΙΟΥ"
},
{
"id": 38,
"name": "Α.Σ. ΙΣΤΙΟΣΑΝΙΔΑΣ ΚΑΙ ΚΥΜΑΤΟΛΙΣΘΗΣΗΣ",
"company": "Α.Σ. ΙΣΤΙΟΣΑΝΙΔΑΣ ΚΑΙ ΚΥΜΑΤΟΛΙΣΘΗΣΗΣ",
"work_title": "ΑΘΛΗΤΙΚΟ ΣΩΜΑΤΕΙΟ",
"email": "",
"mobile": "",
"phone": "-",
"address": "Ι.ΚΑΛΟΓΕΡΗ",
"number": 0,
"postal_code": 73136,
"city": "ΧΑΝΙΑ",
"vat": 997144400,
"doy": "ΧΑΝΙΩΝ"
},
{
"id": 39,
"name": "ΣΑΡΗΜΗΤΡΙΟΥ Α. ΚΑΙ Α. Ο.Ε.",
"company": "ΣΑΡΗΜΗΤΡΙΟΥ Α. ΚΑΙ Α. Ο.Ε.",
"work_title": "ΤΑΠΗΤΕΣ-ΧΑΛΙΑ",
"email": "",
"mobile": "",
"phone": "-",
"address": "ΕΛ.ΒΕΝΙΖΕΛΟΥ",
"number": 220,
"postal_code": 17675,
"city": "ΚΑΛΛΙΘΕΑ",
"vat": 999322020,
"doy": "ΚΑΛΛΙΘΕΑΣ"
},
{
"id": 40,
"name": "ΜΠΑΚΑΓΙΑΝΝΗΣ ΣΠΥΡΙΔΩΝ",
"company": "ΜΠΑΚΑΓΙΑΝΝΗΣ ΣΠΥΡΙΔΩΝ",
"work_title": "ΕΙΔΗ ΔΩΡΩΝ",
"email": "",
"mobile": "",
"phone": "-",
"address": "ΚΑΝΑΒΟΥ ΚΑΙ ΣΙΣΜΑΝΗ",
"number": 11,
"postal_code": 30300,
"city": "ΝΑΥΠΑΚΤΟΣ",
"vat": 301932100,
"doy": "ΜΕΣΟΛΟΓΓΙΟΥ"
},
{
"id": 41,
"name": "ΑΒΕΡΚΙΟΥ ΣΤΕΦΑΝΟΣ (SUP IN CRETE)",
"company": "ΑΒΕΡΚΙΟΥ ΣΤΕΦΑΝΟΣ (SUP IN CRETE)",
"work_title": "ΘΑΛΑΣΣΙΕΣ ΠΕΡΙΗΓΗΣΕΙΣ ΚΑΙ ΕΚΔΡΟΜΕΣ",
"email": "",
"mobile": "",
"phone": "-",
"address": "ΕΜΜ.ΛΟΥΛΑΚΑΚΗ",
"number": 18,
"postal_code": 73133,
"city": "ΧΑΝΙΑ",
"vat": 118061860,
"doy": "ΧΑΝΙΩΝ"
},
{
"id": 42,
"name": "ΚΟΥΚΛΑΚΗΣ ΚΩΝΣΤΑΝΤΙΝΟΣ",
"company": "ΚΟΥΚΛΑΚΗΣ ΚΩΝΣΤΑΝΤΙΝΟΣ",
"work_title": "ΣΥΝΤΗΡΗΣΕΙΣ-ΕΠΙΣΚΕΥΕΣ ΣΚΑΦΩΝ",
"email": "",
"mobile": "",
"phone": "-",
"address": "ΔΕΛΦΩΝ",
"number": 6,
"postal_code": 18900,
"city": "ΣΑΛΑΜΙΝΑ",
"vat": 47391126,
"doy": "Ε' ΠΕΙΡΑΙΑ"
},
{
"id": 43,
"name": "MARINE SUPPORT I.K.E.",
"company": "MARINE SUPPORT I.K.E.",
"work_title": "ΨΥΚΤΙΚΕΣ ΕΡΓΑΣΙΕΣ",
"email": "",
"mobile": "",
"phone": "-",
"address": "ΜΥΚΑΛΗΣ",
"number": 26,
"postal_code": 18540,
"city": "ΠΕΙΡΑΙΑΣ",
"vat": 800476169,
"doy": "Δ' ΠΕΙΡΑΙΑ"
},
{
"id": 44,
"name": "ΠΑΣΧΟΣ ΜΗΝΑΣ ΤΟΥ ΝΙΚΟΛΑΟΥ",
"company": "ΠΑΣΧΟΣ ΜΗΝΑΣ ΤΟΥ ΝΙΚΟΛΑΟΥ",
"work_title": "ΥΠΗΡ.ΕΚΜ.ΠΑΙΧΝΙΔΙΩΝ ΘΑΛΑΣΣΗΣ",
"email": "",
"mobile": "",
"phone": "-",
"address": "ΠΑΡΑΛΙΑ ΑΜΜΟΥΔΙΑΣ",
"number": 0,
"postal_code": 48100,
"city": "ΠΡΕΒΕΖΑ",
"vat": 61391131,
"doy": "ΠΡΕΒΕΖΑΣ"
},
{
"id": 45,
"name": "ΝΑΥΤΙΚΟΣ ΟΜΙΛΟΣ ΧΑΝΙΩΝ",
"company": "ΝΑΥΤΙΚΟΣ ΟΜΙΛΟΣ ΧΑΝΙΩΝ",
"work_title": "ΑΘΛΗΤΙΚΟ ΣΩΜΑΤΕΙΟ",
"email": "",
"mobile": "",
"phone": "-",
"address": "ΑΚΤΗ ΚΑΝΑΡΗ ΝΕΑ ΧΩΡΑ ΧΑΝΙΩΝ",
"number": 0,
"postal_code": 73131,
"city": "ΧΑΝΙΑ",
"vat": 90281650,
"doy": "ΧΑΝΙΩΝ"
},
{
"id": 46,
"name": "ΛΕΟΝΤΙΚΟΣ Α.Σ.",
"company": "ΛΕΟΝΤΙΚΟΣ Α.Σ.",
"work_title": "ΑΘΛΗΤΙΚΟ ΣΩΜΑΤΕΙΟ",
"email": "",
"mobile": "",
"phone": "-",
"address": "ΛΕΩΦ.ΚΗΦΙΣΙΑΣ",
"number": 192,
"postal_code": 15462,
"city": "ΚΗΦΙΣΙΑ",
"vat": 997057489,
"doy": "ΚΗΦΙΣΙΑΣ"
},
{
"id": 47,
"name": "ΣΤΑΜΑΤΕΛΟΣ ΣΤΑΥΡΟΥ ΓΕΩΡΓΙΟΣ",
"company": "ΣΤΑΜΑΤΕΛΟΣ ΣΤΑΥΡΟΥ ΓΕΩΡΓΙΟΣ",
"work_title": "ΑΘΛΗΤΙΚΑ ΕΙΔΗ",
"email": "",
"mobile": "",
"phone": "-",
"address": "ΕΛΛΗΣ",
"number": 1,
"postal_code": 17564,
"city": "ΠΑΛΑΙΟ ΦΑΛΗΡΟ",
"vat": 132654877,
"doy": "ΓΛΥΦΑΔΑΣ"
},
{
"id": 48,
"name": "ΝΑΥΤΙΚΟΣ Α.Σ. ΑΓ.ΝΙΚΟΛΑΟΥ ΚΡΗΤΗΣ",
"company": "ΝΑΥΤΙΚΟΣ Α.Σ. ΑΓ.ΝΙΚΟΛΑΟΥ ΚΡΗΤΗΣ",
"work_title": "ΑΘΛΗΤΙΚΟ ΣΩΜΑΤΕΙΟ",
"email": "",
"mobile": "",
"phone": "-",
"address": "ΑΝΑΠΑΥΣΕΩΣ ΠΛΑΖ Ε.Ο.Τ.",
"number": 0,
"postal_code": 72100,
"city": "ΑΓ.ΝΙΚΟΛΑΟΣ",
"vat": 996983295,
"doy": "ΑΓ.ΝΙΚΟΛΑΟΥ"
},
{
"id": 49,
"name": "ΠΟΛΙΤΗΣ ΘΩΜΑΣ",
"company": "ΠΟΛΙΤΗΣ ΘΩΜΑΣ",
"work_title": "ΕΚΜ.ΑΘΛΗΤΙΚΩΝ ΕΓΚΑΤΑΣΕΩΝ",
"email": "",
"mobile": "",
"phone": "-",
"address": "ΤΕΡΜΑ ΛΕΩΦ.ΕΘ.ΑΝΤΙΣΤΑΣΕΩΣ",
"number": 0,
"postal_code": 16232,
"city": "ΒΥΡΩΝΑΣ",
"vat": 70661366,
"doy": "ΒΥΡΩΝΑ"
},
{
"id": 50,
"name": "ΦΟΙΒΟΣ ΝΕΟΥ ΚΟΣΜΟΥ",
"company": "ΦΟΙΒΟΣ ΝΕΟΥ ΚΟΣΜΟΥ",
"work_title": "ΑΘΛΗΤΙΚΟ ΣΩΜΑΤΕΙΟ",
"email": "",
"mobile": "",
"phone": "-",
"address": "ΦΙΝΛΕΫ",
"number": 3,
"postal_code": 11744,
"city": "ΑΘΗΝΑ",
"vat": 997337260,
"doy": "ΙΖ' ΑΘΗΝΩΝ"
},
{
"id": 51,
"name": "ΤΕΡΛΙΔΗΣ ΘΩΜΑΣ",
"company": "ΤΕΡΛΙΔΗΣ ΘΩΜΑΣ",
"work_title": "ΜΕΤΑΞΟΤΥΠΙΕΣ",
"email": "",
"mobile": "",
"phone": "-",
"address": "ΒΟΥΤΖΑ 25 ΚΑΙ ΚΑΙΣΑΡΕΙΑΣ",
"number": 25,
"postal_code": 16231,
"city": "ΑΘΗΝΑ",
"vat": 149996300,
"doy": "ΙΖ' ΑΘΗΝΩΝ"
},
{
"id": 52,
"name": "ΜΙΝΩΤΑΥΡΟΣ Α.Ο. ΤΑΥΡΟΥ",
"company": "ΜΙΝΩΤΑΥΡΟΣ Α.Ο. ΤΑΥΡΟΥ",
"work_title": "ΑΘΛΗΤΙΚΟΣ ΟΜΙΛΟΣ",
"email": "",
"mobile": "",
"phone": "-",
"address": "ΥΨΗΛΑΝΤΟΥ",
"number": 2,
"postal_code": 17778,
"city": "ΤΑΥΡΟΣ",
"vat": 99011261,
"doy": "ΣΤ' ΑΘΗΝΩΝ"
}
]
