[
    {"code_number":1001,"name":"Πελάτης Λιανικής","company":"Πελάτης Λιανικής","work_title":"Πελάτης Λιανικής","email":null,"mobile":null,"phone":null,"vat":null,"doy":null,"mail_account":null,"phone_account":null,"company_logo":null,"address":null, "number":null, "postal_code": null, "city":null,"disabled":"0","deleted_at":null,"created_at":"2023-03-27 22:08:29","updated_at":"2023-03-27 22:08:29"},
    {"code_number":1002,"name":"ΕΦΡΑΙΜΗΣ ΛΕΥΤΕΡΗΣ","company":"ΕΦΡΑΙΜΗΣ ΛΕΥΤΕΡΗΣ","work_title":"Πελάτης Λιανικής","email":"lefteris.efr@gmail.com","mobile":"6977166786","phone":null,"vat":null,"doy":null,"mail_account":null,"phone_account":null,"company_logo":null,"address":null, "number":null, "postal_code": null, "city":null,"disabled":"0","deleted_at":null,"created_at":"2023-03-27 22:08:29","updated_at":"2023-03-27 22:08:29"},
    {"code_number":1003,"name":"Wolt Technologies Greece Provision of food services S.A.","company":"Wolt Technologies Greece Provision of food services S.A.","work_title":"Πελάτης Λιανικής","email":"lefteris.efr@gmail.com","mobile":"6977166786","phone":null,"vat":"801047822","doy":"ΦΑEΕ Αθηνών","mail_account":null,"phone_account":null,"company_logo":null,"address":"Λεωφόρος Συγγρού", "number":"80-88", "postal_code": "11741", "city":"ΑΘΗΝΑ","disabled":"0","deleted_at":null,"created_at":"2023-03-27 22:08:29","updated_at":"2023-03-27 22:08:29"}
]
