[
    {
        "seira": "ANEY",
        "delivery_invoice_id": 1760,
        "client": 53,
        "sendFrom": "address_0_edra",
        "sendTo": 53,
        "date": "2021-01-19",
        "paid": 0,
        "payment_method": 5,
        "product_price": "1000",
        "line_vat": "240",
        "line_final_price": "1240"
    },
    {
        "seira": "ANEY",
        "delivery_invoice_id": 1762,
        "client": 1,
        "sendFrom": "address_0_edra",
        "sendTo": 1,
        "date": "2021-02-12",
        "paid": 0,
        "payment_method": 5,
        "product_price": "240",
        "line_vat": "57.6",
        "line_final_price": "297.6"
    },
    {
        "seira": "ANEY",
        "delivery_invoice_id": 1764,
        "client": 2,
        "sendFrom": "address_0_edra",
        "sendTo": 2,
        "date": "2021-03-17",
        "paid": 0,
        "payment_method": 5,
        "product_price": "1213.5",
        "line_vat": "291.24",
        "line_final_price": "1504.74"
    },
    {
        "seira": "ANEY",
        "delivery_invoice_id": 1765,
        "client": 3,
        "sendFrom": "address_0_edra",
        "sendTo": 3,
        "date": "2021-03-19",
        "paid": 0,
        "payment_method": 5,
        "product_price": "1213.5",
        "line_vat": "291.24",
        "line_final_price": "1504.74"
    },
    {
        "seira": "ANEY",
        "delivery_invoice_id": 1766,
        "client": 4,
        "sendFrom": "address_0_edra",
        "sendTo": 4,
        "date": "2021-03-23",
        "paid": 0,
        "payment_method": 5,
        "product_price": "1130",
        "line_vat": "271.2",
        "line_final_price": "1401.2"
    },
    {
        "seira": "ANEY",
        "delivery_invoice_id": 1767,
        "client": 5,
        "sendFrom": "address_0_edra",
        "sendTo": 5,
        "date": "2021-03-24",
        "paid": 0,
        "payment_method": 5,
        "product_price": "403.23",
        "line_vat": "96.7652",
        "line_final_price": "499.9952"
    },
    {
        "seira": "ANEY",
        "delivery_invoice_id": 1768,
        "client": 6,
        "sendFrom": "address_0_edra",
        "sendTo": 6,
        "date": "2021-04-06",
        "paid": 0,
        "payment_method": 5,
        "product_price": "800",
        "line_vat": "192",
        "line_final_price": "992"
    },
    {
        "seira": "ANEY",
        "delivery_invoice_id": 1770,
        "client": 4,
        "sendFrom": "address_0_edra",
        "sendTo": 4,
        "date": "2021-05-12",
        "paid": 0,
        "payment_method": 5,
        "product_price": "460",
        "line_vat": "110.4",
        "line_final_price": "570.4"
    },
    {
        "seira": "ANEY",
        "delivery_invoice_id": 1771,
        "client": 4,
        "sendFrom": "address_0_edra",
        "sendTo": 4,
        "date": "2021-05-20",
        "paid": 0,
        "payment_method": 5,
        "product_price": "415",
        "line_vat": "99.6",
        "line_final_price": "514.6"
    },
    {
        "seira": "ANEY",
        "delivery_invoice_id": 1772,
        "client": 7,
        "sendFrom": "address_0_edra",
        "sendTo": 7,
        "date": "2021-06-25",
        "paid": 0,
        "payment_method": 5,
        "product_price": "400",
        "line_vat": "96",
        "line_final_price": "496"
    },
    {
        "seira": "ANEY",
        "delivery_invoice_id": 1773,
        "client": 8,
        "sendFrom": "address_0_edra",
        "sendTo": 8,
        "date": "2021-06-28",
        "paid": 0,
        "payment_method": 5,
        "product_price": "400",
        "line_vat": "96",
        "line_final_price": "496"
    },
    {
        "seira": "ANEY",
        "delivery_invoice_id": 1774,
        "client": 8,
        "sendFrom": "address_0_edra",
        "sendTo": 8,
        "date": "2021-06-30",
        "paid": 0,
        "payment_method": 5,
        "product_price": "100.81",
        "line_vat": "24.1944",
        "line_final_price": "125.0044"
    },
    {
        "seira": "ANEY",
        "delivery_invoice_id": 1775,
        "client": 9,
        "sendFrom": "address_0_edra",
        "sendTo": 9,
        "date": "2021-07-02",
        "paid": 0,
        "payment_method": 5,
        "product_price": "1000",
        "line_vat": "240",
        "line_final_price": "1240"
    },
    {
        "seira": "ANEY",
        "delivery_invoice_id": 1776,
        "client": 10,
        "sendFrom": "address_0_edra",
        "sendTo": 10,
        "date": "2021-07-05",
        "paid": 0,
        "payment_method": 5,
        "product_price": "451.61",
        "line_vat": "108.3864",
        "line_final_price": "559.9964"
    },
    {
        "seira": "ANEY",
        "delivery_invoice_id": 1777,
        "client": 11,
        "sendFrom": "address_0_edra",
        "sendTo": 11,
        "date": "2021-07-09",
        "paid": 0,
        "payment_method": 5,
        "product_price": "264",
        "line_vat": "63.36",
        "line_final_price": "327.36"
    },
    {
        "seira": "ANEY",
        "delivery_invoice_id": 1778,
        "client": 12,
        "sendFrom": "address_0_edra",
        "sendTo": 12,
        "date": "2021-07-21",
        "paid": 0,
        "payment_method": 5,
        "product_price": "434",
        "line_vat": "104.16",
        "line_final_price": "538.16"
    },
    {
        "seira": "ANEY",
        "delivery_invoice_id": 1779,
        "client": 9,
        "sendFrom": "address_0_edra",
        "sendTo": 9,
        "date": "2021-07-28",
        "paid": 0,
        "payment_method": 5,
        "product_price": "755",
        "line_vat": "181.2",
        "line_final_price": "936.2"
    },
    {
        "seira": "ANEY",
        "delivery_invoice_id": 1780,
        "client": 9,
        "sendFrom": "address_0_edra",
        "sendTo": 9,
        "date": "2021-07-28",
        "paid": 0,
        "payment_method": 5,
        "product_price": "755",
        "line_vat": "181.2",
        "line_final_price": "936.2"
    },
    {
        "seira": "ANEY",
        "delivery_invoice_id": 1781,
        "client": 9,
        "sendFrom": "address_0_edra",
        "sendTo": 9,
        "date": "2021-07-28",
        "paid": 0,
        "payment_method": 5,
        "product_price": "755",
        "line_vat": "181.2",
        "line_final_price": "936.2"
    },
    {
        "seira": "ANEY",
        "delivery_invoice_id": 1782,
        "client": 13,
        "sendFrom": "address_0_edra",
        "sendTo": 13,
        "date": "2021-07-29",
        "paid": 0,
        "payment_method": 5,
        "product_price": "64.52",
        "line_vat": "15.4848",
        "line_final_price": "80.0048"
    },
    {
        "seira": "ANEY",
        "delivery_invoice_id": 1783,
        "client": 14,
        "sendFrom": "address_0_edra",
        "sendTo": 14,
        "date": "2021-09-09",
        "paid": 0,
        "payment_method": 5,
        "product_price": "162",
        "line_vat": "38.88",
        "line_final_price": "200.88"
    },
    {
        "seira": "ANEY",
        "delivery_invoice_id": 1784,
        "client": 15,
        "sendFrom": "address_0_edra",
        "sendTo": 15,
        "date": "2021-09-14",
        "paid": 0,
        "payment_method": 5,
        "product_price": "1000",
        "line_vat": "240",
        "line_final_price": "1240"
    },
    {
        "seira": "ANEY",
        "delivery_invoice_id": 1785,
        "client": 16,
        "sendFrom": "address_0_edra",
        "sendTo": 16,
        "date": "2021-09-14",
        "paid": 0,
        "payment_method": 5,
        "product_price": "1500",
        "line_vat": "360",
        "line_final_price": "1860"
    },
    {
        "seira": "ANEY",
        "delivery_invoice_id": 1786,
        "client": 17,
        "sendFrom": "address_0_edra",
        "sendTo": 17,
        "date": "2021-09-14",
        "paid": 0,
        "payment_method": 5,
        "product_price": "201.62",
        "line_vat": "48.3788",
        "line_final_price": "249.9988"
    },
    {
        "seira": "ANEY",
        "delivery_invoice_id": 1787,
        "client": 17,
        "sendFrom": "address_0_edra",
        "sendTo": 17,
        "date": "2021-09-14",
        "paid": 0,
        "payment_method": 5,
        "product_price": "190",
        "line_vat": "45.6",
        "line_final_price": "235.6"
    },
    {
        "seira": "ANEY",
        "delivery_invoice_id": 1788,
        "client": 18,
        "sendFrom": "address_0_edra",
        "sendTo": 18,
        "date": "2021-09-25",
        "paid": 0,
        "payment_method": 5,
        "product_price": "162",
        "line_vat": "38.88",
        "line_final_price": "200.88"
    },
    {
        "seira": "ANEY",
        "delivery_invoice_id": 1789,
        "client": 19,
        "sendFrom": "address_0_edra",
        "sendTo": 19,
        "date": "2021-09-28",
        "paid": 0,
        "payment_method": 5,
        "product_price": "150",
        "line_vat": "36",
        "line_final_price": "186"
    },
    {
        "seira": "ANEY",
        "delivery_invoice_id": 1791,
        "client": 19,
        "sendFrom": "address_0_edra",
        "sendTo": 19,
        "date": "2021-09-29",
        "paid": 0,
        "payment_method": 5,
        "product_price": "350",
        "line_vat": "84",
        "line_final_price": "434"
    },
    {
        "seira": "ANEY",
        "delivery_invoice_id": 1792,
        "client": 20,
        "sendFrom": "address_0_edra",
        "sendTo": 20,
        "date": "2021-10-01",
        "paid": 0,
        "payment_method": 5,
        "product_price": "148",
        "line_vat": "35.52",
        "line_final_price": "183.52"
    },
    {
        "seira": "ANEY",
        "delivery_invoice_id": 1793,
        "client": 21,
        "sendFrom": "address_0_edra",
        "sendTo": 21,
        "date": "2021-10-08",
        "paid": 0,
        "payment_method": 5,
        "product_price": "241.94",
        "line_vat": "58.0556",
        "line_final_price": "299.9956"
    },
    {
        "seira": "ANEY",
        "delivery_invoice_id": 1794,
        "client": 18,
        "sendFrom": "address_0_edra",
        "sendTo": 18,
        "date": "2021-10-08",
        "paid": 0,
        "payment_method": 5,
        "product_price": "214",
        "line_vat": "51.36",
        "line_final_price": "265.36"
    },
    {
        "seira": "ANEY",
        "delivery_invoice_id": 1795,
        "client": 21,
        "sendFrom": "address_0_edra",
        "sendTo": 21,
        "date": "2021-10-09",
        "paid": 0,
        "payment_method": 5,
        "product_price": "201.62",
        "line_vat": "48.3788",
        "line_final_price": "249.9988"
    },
    {
        "seira": "ANEY",
        "delivery_invoice_id": 1796,
        "client": 22,
        "sendFrom": "address_0_edra",
        "sendTo": 22,
        "date": "2021-10-09",
        "paid": 0,
        "payment_method": 5,
        "product_price": "3023.8",
        "line_vat": "725.712",
        "line_final_price": "3749.512"
    },
    {
        "seira": "ANEY",
        "delivery_invoice_id": 1797,
        "client": 17,
        "sendFrom": "address_0_edra",
        "sendTo": 17,
        "date": "2021-11-09",
        "paid": 0,
        "payment_method": 5,
        "product_price": "104",
        "line_vat": "24.96",
        "line_final_price": "128.96"
    },
    {
        "seira": "ANEY",
        "delivery_invoice_id": 1798,
        "client": 9,
        "sendFrom": "address_0_edra",
        "sendTo": 9,
        "date": "2021-11-09",
        "paid": 0,
        "payment_method": 5,
        "product_price": "750",
        "line_vat": "180",
        "line_final_price": "930"
    },
    {
        "seira": "ANEY",
        "delivery_invoice_id": 1800,
        "client": 22,
        "sendFrom": "address_0_edra",
        "sendTo": 22,
        "date": "2021-11-13",
        "paid": 0,
        "payment_method": 5,
        "product_price": "355.3",
        "line_vat": "85.272",
        "line_final_price": "440.572"
    },
    {
        "seira": "ANEY",
        "delivery_invoice_id": 1801,
        "client": 18,
        "sendFrom": "address_0_edra",
        "sendTo": 18,
        "date": "2021-11-15",
        "paid": 0,
        "payment_method": 5,
        "product_price": "347.85",
        "line_vat": "83.484",
        "line_final_price": "431.334"
    },
    {
        "seira": "ANEY",
        "delivery_invoice_id": 1802,
        "client": 18,
        "sendFrom": "address_0_edra",
        "sendTo": 18,
        "date": "2021-11-16",
        "paid": 0,
        "payment_method": 5,
        "product_price": "387.45",
        "line_vat": "92.978",
        "line_final_price": "480.428"
    },
    {
        "seira": "ANEY",
        "delivery_invoice_id": 1803,
        "client": 18,
        "sendFrom": "address_0_edra",
        "sendTo": 18,
        "date": "2021-11-17",
        "paid": 0,
        "payment_method": 5,
        "product_price": "387.45",
        "line_vat": "92.978",
        "line_final_price": "480.428"
    },
    {
        "seira": "ANEY",
        "delivery_invoice_id": 1804,
        "client": 18,
        "sendFrom": "address_0_edra",
        "sendTo": 18,
        "date": "2021-11-18",
        "paid": 0,
        "payment_method": 5,
        "product_price": "387.45",
        "line_vat": "92.978",
        "line_final_price": "480.428"
    },
    {
        "seira": "ANEY",
        "delivery_invoice_id": 1805,
        "client": 18,
        "sendFrom": "address_0_edra",
        "sendTo": 18,
        "date": "2021-11-19",
        "paid": 0,
        "payment_method": 5,
        "product_price": "387.45",
        "line_vat": "92.978",
        "line_final_price": "480.428"
    },
    {
        "seira": "ANEY",
        "delivery_invoice_id": 1806,
        "client": 14,
        "sendFrom": "address_0_edra",
        "sendTo": 14,
        "date": "2021-11-21",
        "paid": 0,
        "payment_method": 5,
        "product_price": "387.45",
        "line_vat": "92.978",
        "line_final_price": "480.428"
    },
    {
        "seira": "ANEY",
        "delivery_invoice_id": 1807,
        "client": 24,
        "sendFrom": "address_0_edra",
        "sendTo": 24,
        "date": "2021-12-02",
        "paid": 0,
        "payment_method": 5,
        "product_price": "170",
        "line_vat": "40.8",
        "line_final_price": "210.8"
    },
    {
        "seira": "ANEY",
        "delivery_invoice_id": 1808,
        "client": 25,
        "sendFrom": "address_0_edra",
        "sendTo": 25,
        "date": "2021-12-06",
        "paid": 0,
        "payment_method": 5,
        "product_price": "100",
        "line_vat": "24",
        "line_final_price": "124"
    },
    {
        "seira": "ANEY",
        "delivery_invoice_id": 1809,
        "client": 26,
        "sendFrom": "address_0_edra",
        "sendTo": 26,
        "date": "2021-12-07",
        "paid": 0,
        "payment_method": 5,
        "product_price": "892.66",
        "line_vat": "214.2284",
        "line_final_price": "1106.8884"
    },
    {
        "seira": "ANEY",
        "delivery_invoice_id": 1810,
        "client": 27,
        "sendFrom": "address_0_edra",
        "sendTo": 27,
        "date": "2021-12-07",
        "paid": 0,
        "payment_method": 5,
        "product_price": "887",
        "line_vat": "212.88",
        "line_final_price": "1099.88"
    },
    {
        "seira": "ANEY",
        "delivery_invoice_id": 1812,
        "client": 6,
        "sendFrom": "address_0_edra",
        "sendTo": 6,
        "date": "2021-12-10",
        "paid": 0,
        "payment_method": 5,
        "product_price": "1000",
        "line_vat": "240",
        "line_final_price": "1240"
    },
    {
        "seira": "ANEY",
        "delivery_invoice_id": 1813,
        "client": 31,
        "sendFrom": "address_0_edra",
        "sendTo": 31,
        "date": "2021-12-11",
        "paid": 0,
        "payment_method": 5,
        "product_price": "242",
        "line_vat": "58.08",
        "line_final_price": "300.08"
    },
    {
        "seira": "ANEY",
        "delivery_invoice_id": 1814,
        "client": 32,
        "sendFrom": "address_0_edra",
        "sendTo": 32,
        "date": "2021-12-13",
        "paid": 0,
        "payment_method": 5,
        "product_price": "126",
        "line_vat": "30.24",
        "line_final_price": "156.24"
    },
    {
        "seira": "ANEY",
        "delivery_invoice_id": 1815,
        "client": 26,
        "sendFrom": "address_0_edra",
        "sendTo": 26,
        "date": "2021-12-20",
        "paid": 0,
        "payment_method": 5,
        "product_price": "607.5",
        "line_vat": "145.8",
        "line_final_price": "753.3"
    },
    {
        "seira": "ANEY",
        "delivery_invoice_id": 1816,
        "client": 27,
        "sendFrom": "address_0_edra",
        "sendTo": 27,
        "date": "2021-12-20",
        "paid": 0,
        "payment_method": 5,
        "product_price": "232.2",
        "line_vat": "55.718",
        "line_final_price": "287.918"
    },
    {
        "seira": "ANEY",
        "delivery_invoice_id": 1817,
        "client": 14,
        "sendFrom": "address_0_edra",
        "sendTo": 14,
        "date": "2021-12-22",
        "paid": 0,
        "payment_method": 5,
        "product_price": "384.6",
        "line_vat": "92.304",
        "line_final_price": "476.904"
    },
    {
        "seira": "ANEY",
        "delivery_invoice_id": 1818,
        "client": 33,
        "sendFrom": "address_0_edra",
        "sendTo": 33,
        "date": "2021-12-23",
        "paid": 0,
        "payment_method": 5,
        "product_price": "400",
        "line_vat": "96",
        "line_final_price": "496"
    },
    {
        "seira": "ANEY",
        "delivery_invoice_id": 1819,
        "client": 34,
        "sendFrom": "address_0_edra",
        "sendTo": 34,
        "date": "2021-12-23",
        "paid": 0,
        "payment_method": 5,
        "product_price": "1110",
        "line_vat": "266.4",
        "line_final_price": "1376.4"
    },
    {
        "seira": "ANEY",
        "delivery_invoice_id": 1820,
        "client": 23,
        "sendFrom": "address_0_edra",
        "sendTo": 23,
        "date": "2022-01-04",
        "paid": 0,
        "payment_method": 5,
        "product_price": "4025",
        "line_vat": "966",
        "line_final_price": "4991"
    },
    {
        "seira": "ANEY",
        "delivery_invoice_id": 1821,
        "client": 18,
        "sendFrom": "address_0_edra",
        "sendTo": 18,
        "date": "2022-02-10",
        "paid": 0,
        "payment_method": 5,
        "product_price": "147.6",
        "line_vat": "35.424",
        "line_final_price": "183.024"
    },
    {
        "seira": "ANEY",
        "delivery_invoice_id": 1823,
        "client": 17,
        "sendFrom": "address_0_edra",
        "sendTo": 17,
        "date": "2022-02-17",
        "paid": 0,
        "payment_method": 5,
        "product_price": "109.8",
        "line_vat": "26.352",
        "line_final_price": "136.152"
    },
    {
        "seira": "ANEY",
        "delivery_invoice_id": 1824,
        "client": 35,
        "sendFrom": "address_0_edra",
        "sendTo": 35,
        "date": "2022-02-25",
        "paid": 0,
        "payment_method": 5,
        "product_price": "766.14",
        "line_vat": "183.8736",
        "line_final_price": "950.0136"
    },
    {
        "seira": "ANEY",
        "delivery_invoice_id": 1825,
        "client": 23,
        "sendFrom": "address_0_edra",
        "sendTo": 23,
        "date": "2022-03-04",
        "paid": 0,
        "payment_method": 5,
        "product_price": "2418",
        "line_vat": "580.32",
        "line_final_price": "2998.32"
    },
    {
        "seira": "ANEY",
        "delivery_invoice_id": 1826,
        "client": 1,
        "sendFrom": "address_0_edra",
        "sendTo": 1,
        "date": "2022-03-14",
        "paid": 0,
        "payment_method": 5,
        "product_price": "350",
        "line_vat": "84",
        "line_final_price": "434"
    },
    {
        "seira": "ANEY",
        "delivery_invoice_id": 1827,
        "client": 36,
        "sendFrom": "address_0_edra",
        "sendTo": 36,
        "date": "2022-03-30",
        "paid": 0,
        "payment_method": 5,
        "product_price": "1016.13",
        "line_vat": "243.8712",
        "line_final_price": "1260.0012"
    },
    {
        "seira": "ANEY",
        "delivery_invoice_id": 1828,
        "client": 4,
        "sendFrom": "address_0_edra",
        "sendTo": 4,
        "date": "2022-03-30",
        "paid": 0,
        "payment_method": 5,
        "product_price": "6022",
        "line_vat": "1445.28",
        "line_final_price": "7467.28"
    },
    {
        "seira": "ANEY",
        "delivery_invoice_id": 1829,
        "client": 37,
        "sendFrom": "address_0_edra",
        "sendTo": 37,
        "date": "2022-04-15",
        "paid": 0,
        "payment_method": 5,
        "product_price": "350",
        "line_vat": "84",
        "line_final_price": "434"
    },
    {
        "seira": "ANEY",
        "delivery_invoice_id": 1831,
        "client": 38,
        "sendFrom": "address_0_edra",
        "sendTo": 38,
        "date": "2022-04-28",
        "paid": 0,
        "payment_method": 5,
        "product_price": "508.07",
        "line_vat": "121.9268",
        "line_final_price": "629.9968"
    },
    {
        "seira": "ANEY",
        "delivery_invoice_id": 1832,
        "client": 39,
        "sendFrom": "address_0_edra",
        "sendTo": 39,
        "date": "2022-05-13",
        "paid": 0,
        "payment_method": 5,
        "product_price": "160",
        "line_vat": "38.4",
        "line_final_price": "198.4"
    },
    {
        "seira": "ANEY",
        "delivery_invoice_id": 1833,
        "client": 40,
        "sendFrom": "address_0_edra",
        "sendTo": 40,
        "date": "2022-05-16",
        "paid": 0,
        "payment_method": 5,
        "product_price": "467.75",
        "line_vat": "112.26",
        "line_final_price": "580.01"
    },
    {
        "seira": "ANEY",
        "delivery_invoice_id": 1834,
        "client": 42,
        "sendFrom": "address_0_edra",
        "sendTo": 42,
        "date": "2022-05-18",
        "paid": 0,
        "payment_method": 5,
        "product_price": "354.86",
        "line_vat": "85.1564",
        "line_final_price": "440.0164"
    },
    {
        "seira": "ANEY",
        "delivery_invoice_id": 1835,
        "client": 43,
        "sendFrom": "address_0_edra",
        "sendTo": 43,
        "date": "2022-05-27",
        "paid": 0,
        "payment_method": 5,
        "product_price": "285",
        "line_vat": "68.4",
        "line_final_price": "353.4"
    },
    {
        "seira": "ANEY",
        "delivery_invoice_id": 1836,
        "client": 44,
        "sendFrom": "address_0_edra",
        "sendTo": 44,
        "date": "2022-06-06",
        "paid": 0,
        "payment_method": 5,
        "product_price": "1450",
        "line_vat": "348",
        "line_final_price": "1798"
    },
    {
        "seira": "ANEY",
        "delivery_invoice_id": 1838,
        "client": 32,
        "sendFrom": "address_0_edra",
        "sendTo": 32,
        "date": "2022-06-16",
        "paid": 0,
        "payment_method": 5,
        "product_price": "569.6",
        "line_vat": "136.704",
        "line_final_price": "706.304"
    },
    {
        "seira": "ANEY",
        "delivery_invoice_id": 1839,
        "client": 45,
        "sendFrom": "address_0_edra",
        "sendTo": 45,
        "date": "2022-06-17",
        "paid": 0,
        "payment_method": 5,
        "product_price": "1016.12",
        "line_vat": "243.8688",
        "line_final_price": "1259.9888"
    },
    {
        "seira": "ANEY",
        "delivery_invoice_id": 1840,
        "client": 4,
        "sendFrom": "address_0_edra",
        "sendTo": 4,
        "date": "2022-06-27",
        "paid": 0,
        "payment_method": 5,
        "product_price": "300",
        "line_vat": "72",
        "line_final_price": "372"
    },
    {
        "seira": "ANEY",
        "delivery_invoice_id": 1841,
        "client": 38,
        "sendFrom": "address_0_edra",
        "sendTo": 38,
        "date": "2022-06-28",
        "paid": 0,
        "payment_method": 5,
        "product_price": "300",
        "line_vat": "72",
        "line_final_price": "372"
    },
    {
        "seira": "ANEY",
        "delivery_invoice_id": 1843,
        "client": 46,
        "sendFrom": "address_0_edra",
        "sendTo": 46,
        "date": "2022-07-01",
        "paid": 0,
        "payment_method": 5,
        "product_price": "370.3",
        "line_vat": "88.872",
        "line_final_price": "459.172"
    },
    {
        "seira": "ANEY",
        "delivery_invoice_id": 1845,
        "client": 46,
        "sendFrom": "address_0_edra",
        "sendTo": 46,
        "date": "2022-07-06",
        "paid": 0,
        "payment_method": 5,
        "product_price": "328",
        "line_vat": "78.72",
        "line_final_price": "406.72"
    },
    {
        "seira": "ANEY",
        "delivery_invoice_id": 1847,
        "client": 47,
        "sendFrom": "address_0_edra",
        "sendTo": 47,
        "date": "2022-07-07",
        "paid": 0,
        "payment_method": 5,
        "product_price": "320",
        "line_vat": "76.8",
        "line_final_price": "396.8"
    },
    {
        "seira": "ANEY",
        "delivery_invoice_id": 1848,
        "client": 47,
        "sendFrom": "address_0_edra",
        "sendTo": 47,
        "date": "2022-07-08",
        "paid": 0,
        "payment_method": 5,
        "product_price": "327",
        "line_vat": "78.48",
        "line_final_price": "405.48"
    },
    {
        "seira": "ANEY",
        "delivery_invoice_id": 1849,
        "client": 46,
        "sendFrom": "address_0_edra",
        "sendTo": 46,
        "date": "2022-07-11",
        "paid": 0,
        "payment_method": 5,
        "product_price": "390.8",
        "line_vat": "93.792",
        "line_final_price": "484.592"
    },
    {
        "seira": "ANEY",
        "delivery_invoice_id": 1850,
        "client": 47,
        "sendFrom": "address_0_edra",
        "sendTo": 47,
        "date": "2022-07-11",
        "paid": 0,
        "payment_method": 5,
        "product_price": "360",
        "line_vat": "86.4",
        "line_final_price": "446.4"
    },
    {
        "seira": "ANEY",
        "delivery_invoice_id": 1851,
        "client": 47,
        "sendFrom": "address_0_edra",
        "sendTo": 47,
        "date": "2022-07-12",
        "paid": 0,
        "payment_method": 5,
        "product_price": "254",
        "line_vat": "60.96",
        "line_final_price": "314.96"
    },
    {
        "seira": "ANEY",
        "delivery_invoice_id": 1852,
        "client": 48,
        "sendFrom": "address_0_edra",
        "sendTo": 48,
        "date": "2022-07-13",
        "paid": 0,
        "payment_method": 5,
        "product_price": "508.07",
        "line_vat": "121.9268",
        "line_final_price": "629.9968"
    },
    {
        "seira": "ANEY",
        "delivery_invoice_id": 1853,
        "client": 38,
        "sendFrom": "address_0_edra",
        "sendTo": 38,
        "date": "2022-07-14",
        "paid": 0,
        "payment_method": 5,
        "product_price": "600",
        "line_vat": "144",
        "line_final_price": "744"
    },
    {
        "seira": "ANEY",
        "delivery_invoice_id": 1854,
        "client": 47,
        "sendFrom": "address_0_edra",
        "sendTo": 47,
        "date": "2022-07-14",
        "paid": 0,
        "payment_method": 5,
        "product_price": "94",
        "line_vat": "22.56",
        "line_final_price": "116.56"
    },
    {
        "seira": "ANEY",
        "delivery_invoice_id": 1855,
        "client": 47,
        "sendFrom": "address_0_edra",
        "sendTo": 47,
        "date": "2022-07-15",
        "paid": 0,
        "payment_method": 5,
        "product_price": "221",
        "line_vat": "53.04",
        "line_final_price": "274.04"
    },
    {
        "seira": "ANEY",
        "delivery_invoice_id": 1856,
        "client": 47,
        "sendFrom": "address_0_edra",
        "sendTo": 47,
        "date": "2022-07-15",
        "paid": 0,
        "payment_method": 5,
        "product_price": "390",
        "line_vat": "93.6",
        "line_final_price": "483.6"
    },
    {
        "seira": "ANEY",
        "delivery_invoice_id": 1857,
        "client": 47,
        "sendFrom": "address_0_edra",
        "sendTo": 47,
        "date": "2022-07-16",
        "paid": 0,
        "payment_method": 5,
        "product_price": "496",
        "line_vat": "119.04",
        "line_final_price": "615.04"
    },
    {
        "seira": "ANEY",
        "delivery_invoice_id": 1858,
        "client": 38,
        "sendFrom": "address_0_edra",
        "sendTo": 38,
        "date": "2022-07-18",
        "paid": 0,
        "payment_method": 5,
        "product_price": "375",
        "line_vat": "90",
        "line_final_price": "465"
    },
    {
        "seira": "ANEY",
        "delivery_invoice_id": 1859,
        "client": 47,
        "sendFrom": "address_0_edra",
        "sendTo": 47,
        "date": "2022-07-18",
        "paid": 0,
        "payment_method": 5,
        "product_price": "368",
        "line_vat": "88.32",
        "line_final_price": "456.32"
    },
    {
        "seira": "ANEY",
        "delivery_invoice_id": 1860,
        "client": 47,
        "sendFrom": "address_0_edra",
        "sendTo": 47,
        "date": "2022-07-18",
        "paid": 0,
        "payment_method": 5,
        "product_price": "315",
        "line_vat": "75.6",
        "line_final_price": "390.6"
    },
    {
        "seira": "ANEY",
        "delivery_invoice_id": 1861,
        "client": 47,
        "sendFrom": "address_0_edra",
        "sendTo": 47,
        "date": "2022-07-19",
        "paid": 0,
        "payment_method": 5,
        "product_price": "400",
        "line_vat": "96",
        "line_final_price": "496"
    },
    {
        "seira": "ANEY",
        "delivery_invoice_id": 1862,
        "client": 47,
        "sendFrom": "address_0_edra",
        "sendTo": 47,
        "date": "2022-07-20",
        "paid": 0,
        "payment_method": 5,
        "product_price": "95",
        "line_vat": "22.8",
        "line_final_price": "117.8"
    },
    {
        "seira": "ANEY",
        "delivery_invoice_id": 1863,
        "client": 47,
        "sendFrom": "address_0_edra",
        "sendTo": 47,
        "date": "2022-07-22",
        "paid": 0,
        "payment_method": 5,
        "product_price": "400",
        "line_vat": "96",
        "line_final_price": "496"
    },
    {
        "seira": "ANEY",
        "delivery_invoice_id": 1864,
        "client": 47,
        "sendFrom": "address_0_edra",
        "sendTo": 47,
        "date": "2022-07-22",
        "paid": 0,
        "payment_method": 5,
        "product_price": "440",
        "line_vat": "105.6",
        "line_final_price": "545.6"
    },
    {
        "seira": "ANEY",
        "delivery_invoice_id": 1866,
        "client": 49,
        "sendFrom": "address_0_edra",
        "sendTo": 49,
        "date": "2022-07-23",
        "paid": 0,
        "payment_method": 5,
        "product_price": "388.2",
        "line_vat": "93.158",
        "line_final_price": "481.358"
    },
    {
        "seira": "ANEY",
        "delivery_invoice_id": 1868,
        "client": 49,
        "sendFrom": "address_0_edra",
        "sendTo": 49,
        "date": "2022-07-24",
        "paid": 0,
        "payment_method": 5,
        "product_price": "399",
        "line_vat": "95.76",
        "line_final_price": "494.76"
    },
    {
        "seira": "ANEY",
        "delivery_invoice_id": 1869,
        "client": 50,
        "sendFrom": "address_0_edra",
        "sendTo": 50,
        "date": "2022-08-05",
        "paid": 0,
        "payment_method": 5,
        "product_price": "14.2",
        "line_vat": "3.408",
        "line_final_price": "17.608"
    },
    {
        "seira": "ANEY",
        "delivery_invoice_id": 1870,
        "client": 51,
        "sendFrom": "address_0_edra",
        "sendTo": 51,
        "date": "2022-08-07",
        "paid": 0,
        "payment_method": 5,
        "product_price": "21",
        "line_vat": "5.04",
        "line_final_price": "26.04"
    },
    {
        "seira": "ANEY",
        "delivery_invoice_id": 1871,
        "client": 52,
        "sendFrom": "address_0_edra",
        "sendTo": 52,
        "date": "2022-08-07",
        "paid": 0,
        "payment_method": 5,
        "product_price": "18",
        "line_vat": "4.32",
        "line_final_price": "22.32"
    }
]
