[
    {
        "providerId": 10000,
        "name": "ΜΕΛΑΝΙΤΗΣ ΑΝΤΩΝΙΟΣ ΝΙΚΟΛΑΟΣ",
        "providerVat": 146982847,
        "address": "ΝΗΡΕΩΣ",
        "number": "37-39",
        "city": "ΠΑΛΑΙΟ ΦΑΛΗΡΟ"
    },
    {
        "providerId": 10002,
        "name": "ΣΠΑΝΟΥ ΕΥΑΓΓΕΛΙΑ"
    },
    {
        "providerId": 10003,
        "name": "PRAKTIKER HELLAS ΕΜΠΟΡΙΚΗ ΜΟΝΟΠΡΟΣΩΠΗ ΑΝΩΝΥΜΗ ΕΤΑΙΡΕΙΑ",
        "providerVat": 94317955,
        "address": "ΠΕΙΡΑΙΩΣ",
        "number": 176,
        "city": "ΤΑΥΡΟΣ"
    },
    {
        "providerId": 10004,
        "name": "ΤΣΑΝΑΚΑΣ  ΓΕΩΡΓΙΟΣ ΑΘΑΝΑΣΙΟΣ ΑΙΜΙΛ",
        "providerVat": 73139985,
        "address": "ΠΡΑΝΤΟΥΝΑ",
        "number": 16,
        "city": "ΑΘΗΝΑ"
    },
    {
        "providerId": 10005,
        "name": "ΤΣΕΒΑΣ  ΓΕΩΡΓΙΟΣ ΑΛΕΞΙΟΣ",
        "providerVat": 74151056,
        "address": "ΠΙΝΔΟΥ",
        "number": 6,
        "city": "ΜΕΛΙΣΣΙΑ"
    },
    {
        "providerId": 10006,
        "name": "ALLEN INTERIORS ΙΔΙΩΤΙΚΗ ΚΕΦΑΛΑΙΟΥΧΙΚΗ ΕΤΑΙΡΕΙΑ",
        "providerVat": 998369230,
        "address": "ΠΕΙΡΑΙΩΣ",
        "number": 79,
        "city": "ΜΟΣΧΑΤΟ"
    },
    {
        "providerId": 10007,
        "name": "ΚΟΣΜΟΝΤΑΤΑ ΕΠΕ",
        "providerVat": 95506764,
        "address": "ΣΤΟΥΡΝΑΡΑ",
        "number": "27Δ",
        "city": "ΑΘΗΝΑ"
    },
    {
        "providerId": 10008,
        "name": "ΚΑΡΑΓΙΑΝΝΗΣ  ΣΠΥΡΙΔΩΝ ΔΗΜΗΤΡΙΟΣ",
        "providerVat": 104823139,
        "address": "ΜΠΕΡΟΒΟΥ",
        "number": 53,
        "city": "ΑΘΗΝΑ"
    },
    {
        "providerId": 10009,
        "name": "ΡΑΠΤΑΚΗ  ΜΑΡΙΑ ΠΑΝΑΓΙΩΤΗΣ",
        "providerVat": 29306672,
        "address": "Μ ΟΔΗΓΗΤΡΙΑΣ",
        "number": 25,
        "city": "ΗΡΑΚΛΕΙΟ"
    },
    {
        "providerId": 10010,
        "name": "VOLTON ΕΛΛΗΝΙΚΗ ΕΝΕΡΓΕΙΑΚΗ ΑΝΩΝΥΜΗ ΕΤΑΙΡΕΙΑ",
        "providerVat": 800750372,
        "address": "ΣΚΟΥΖΕ",
        "number": 14,
        "city": "ΠΕΙΡΑΙΑΣ"
    },
    {
        "providerId": 10011,
        "name": "SGB ΕΛΛΗΝΙΚΗ ΕΤΑΙΡΕΙΑ ΙΔΙΟΚΑΤΑΣΚΕΥΩΝ ΑΝΩΝΥΜΗ ΕΤΑΙΡΕΙΑ",
        "providerVat": 999079170,
        "address": "ΚΗΦΙΣΙΑΣ",
        "number": 44,
        "city": "ΜΑΡΟΥΣΙ"
    },
    {
        "providerId": 10012,
        "name": "PROSVASIS ΜΟΝΟΠΡΟΣΩΠΗ ΑΝΩΝΥΜΗ ΕΜΠΟΡΙΚΗ ΒΙΟΜΗΧΑΝΙΚΗ ΕΤΑΙΡΕΙΑ ΕΚΔΟΣΕΩΝ ΚΑΙ ΠΡΟΙΟΝΤΩΝ ΠΛΗΡΟΦΟΡΙΚΗΣ",
        "providerVat": 999840150,
        "address": "ΑΧΙΛΛΕΩΣ",
        "number": 8,
        "city": "ΚΑΛΛΙΘΕΑ"
    },
    {
        "providerId": 10013,
        "name": "ΧΟΥΡΜΟΥΖΗΣ ΠΑΝΑΓΙΩΤΗΣ ΚΑΙ ΣΙΑ ΟΕ",
        "providerVat": 800339439,
        "address": "Π Π ΓΕΡΜΑΝΟΥ",
        "number": 41,
        "city": "ΘΕΣΣΑΛΟΝΙΚΗ"
    },
    {
        "providerId": 10014,
        "name": "ΠΛΑΙΣΙΟ COMPUTERS ΑΝΩΝΥΜΗ ΕΜΠΟΡΙΚΗ ΚΑΙ ΒΙΟΜΗΧΑΝΙΚΗ ΕΤΑΙΡΕΙΑ ΗΛΕΚΤΡΟΝΙΚΩΝ ΥΠΟΛΟΓΙΣΤΩΝ ΚΑΙ ΕΙΔΩΝ ΒΙΒΛΙΟΧΑΡΤΟΠΩΛΕΙΟΥ",
        "providerVat": 94222211,
        "address": "ΘΕΣΗ ΣΚΛΗΡΗ",
        "city": "ΜΑΓΟΥΛΑ"
    },
    {
        "providerId": 10015,
        "name": "Α ΜΟΥΡΑΤΙΔΗΣ ΚΑΙ ΣΙΑ ΕΕ",
        "providerVat": 998466644,
        "address": "Ι ΔΡΑΓΟΥΜΗ",
        "number": 4,
        "city": "ΘΕΣΣΑΛΟΝΙΚΗ"
    },
    {
        "providerId": 10016,
        "name": "Κ ΚΟΝΤΟΥ ΚΑΙ ΣΙΑ ΕΕ",
        "providerVat": 800597059,
        "address": "ΦΡΑΤΖΗ 72",
        "number": 72,
        "city": "ΑΘΗΝΑ"
    },
    {
        "providerId": 10017,
        "name": "CARGO MED ΑΝΩΝΥΜΗ ΜΕΤΑΦΟΡΙΚΗ ΕΤΑΙΡΕΙΑ",
        "providerVat": 997464862,
        "address": "ΘΕΣΗ ΜΑΝΔΗΛΩ ΧΑΡΑΔΡΟΣ  ΔΙΟΔΩΡΟΥ",
        "number": 148,
        "city": "ΠΑΤΡΑ"
    },
    {
        "providerId": 10018,
        "name": "ΜΑΛΑΧΙΑΣ Γ ΙΚΕ",
        "providerVat": 998809504,
        "address": "Γ ΣΕΠΤΕΜΒΡΙΟΥ",
        "number": 35,
        "city": "ΑΘΗΝΑ"
    },
    {
        "providerId": 10019,
        "name": "ΑΒΟΥΡΗ  ΑΘΗΝΑ ΝΙΚΟΛΑΟΣ",
        "providerVat": 123042421,
        "address": "ΑΛΑΜΑΝΑΣ",
        "number": 3,
        "city": "ΑΛΙΜΟΣ"
    },
    {
        "providerId": 10020,
        "name": "FORMULA Χ ΚΑΡΡΑΣ ΒΙΟΜΗΧΑΝΙΑ ΠΥΡΟΣΒΕΣΤΙΚΟΥ ΕΞΟΠΛΙΣΜΟΥ ΑΝΩΝΥΜΗ ΕΤΑΙΡΕΙΑ",
        "providerVat": 82855453,
        "address": "Λ ΒΟΥΛΙΑΓΜΕΝΗΣ",
        "number": 54,
        "city": "ΑΡΓΥΡΟΥΠΟΛΗ"
    },
    {
        "providerId": 10021,
        "name": "F I S COURIER SERVICES ΙΔΙΩΤΙΚΗ ΚΕΦΑΛΑΙΟΥΧΙΚΗ ΕΤΑΙΡΕΙΑ",
        "providerVat": 800605090,
        "address": "ΑΣΠΑΣΙΑΣ",
        "number": "21Α",
        "city": "ΗΡΑΚΛΕΙΟ"
    },
    {
        "providerId": 10022,
        "name": "ΠΗΤΤΑΣ ΝΙΚΟΛΑΟΣ ΑΝΤ",
        "providerVat": 62840320,
        "address": "ΜΕΣΑΙΟ ΚΑΡΛΟΒΑΣΙ ΕΙΣΟΔΙΩΝ ΘΕΟΤΟΚΟΥ ΣΙΤΑΡΟΠΟΥΛΟΥ",
        "city": "ΚΑΡΛΟΒΑΣΙ"
    },
    {
        "providerId": 10023,
        "name": "LAVE ΕΜΠΟΡΙΑ ΕΙΔΩΝ ΜΑΖΙΚΗΣ ΕΣΤΙΑΣΗΣ ΑΝΤΙΠΡΟΣΩΠΕΙΕΣ ΕΙΣΑΓΩΓΕΣ ΕΞΑΓΩΓΕΣ  ΜΟΝΟΠΡΟΣΩΠΗ ΕΤΑΙΡΕΙΑ ΠΕΡΙΟΡΙΣΜΕΝΗΣ ΕΥΘΥΝΗΣ",
        "providerVat": 800496802,
        "address": "ΘΕΣΗ ΣΟΥΡΕΖΑ ΑΣΠΡΟΠΥΡΓΟΣ",
        "city": "ΑΣΠΡΟΠΥΡΓΟΣ"
    },
    {
        "providerId": 10024,
        "name": "ΧΩΜΑΤΑΣ  ΔΗΜΗΤΡΙΟΣ ΓΕΩΡΓΙΟΣ",
        "providerVat": 57386265,
        "address": "ΓΡΥΠΑΡΗ",
        "number": 52,
        "city": "ΚΑΛΛΙΘΕΑ"
    },
    {
        "providerId": 10025,
        "name": "ΟΡΓΑΝΙΣΜΟΣ ΤΗΛΕΠΙΚΟΙΝΩΝΙΩΝ ΤΗΣ ΕΛΛΑΔΟΣ ΑΝΩΝΥΜΗ ΕΤΑΙΡΕΙΑ",
        "providerVat": 94019245,
        "address": "ΛΕΩΦΟΡΟΣ ΚΗΦΙΣΙΑΣ",
        "number": 99,
        "city": "ΜΑΡΟΥΣΙ"
    },
    {
        "providerId": 10026,
        "name": "WOLT ΤΕΧΝΟΛΟΓΙΕΣ ΕΛΛΑΣ ΥΠΗΡΕΣΙΕΣ ΠΑΡΟΧΗΣ ΦΑΓΗΤΟΥ ΑΝΩΝΥΜΗ ΕΤΑΙΡΕΙΑ",
        "providerVat": 801047822,
        "address": "ΛΕΩΦΟΡΟΣ  ΣΥΓΓΡΟΥ  2ΟΣ  ΟΡΟΦΟΣ",
        "number": "80-88",
        "city": "ΑΘΗΝΑ"
    },
    {
        "providerId": 10027,
        "name": "ENARTIA ΜΟΝΟΠΡΟΣΩΠΗ ΑΝΩΝΥΜΗ ΕΤΑΙΡΕΙΑ",
        "providerVat": 999082935,
        "address": "ΠΛΑΣΤΗΡΑ",
        "number": 100,
        "city": "ΑΓ ΜΥΡΩΝΑΣ"
    }
]
