[
    {
        "date": "2021-01-18",
        "seira": "ΦΤΜ Ζ",
        "retailID": "785"
    },
    {
        "date": "2021-01-21",
        "seira": "ΦΤΜ Ζ",
        "retailID": "786"
    },
    {
        "date": "2021-02-04",
        "seira": "ΦΤΜ Ζ",
        "retailID": "787"
    },
    {
        "date": "2021-02-09",
        "seira": "ΦΤΜ Ζ",
        "retailID": "788"
    },
    {
        "date": "2021-02-26",
        "seira": "ΦΤΜ Ζ",
        "retailID": "789"
    },
    {
        "date": "2021-03-23",
        "seira": "ΦΤΜ Ζ",
        "retailID": "790"
    },
    {
        "date": "2021-03-24",
        "seira": "ΦΤΜ Ζ",
        "retailID": "791"
    },
    {
        "date": "2021-04-01",
        "seira": "ΦΤΜ Ζ",
        "retailID": "792"
    },
    {
        "date": "2021-04-10",
        "seira": "ΦΤΜ Ζ",
        "retailID": "793"
    },
    {
        "date": "2021-04-13",
        "seira": "ΦΤΜ Ζ",
        "retailID": "794"
    },
    {
        "date": "2021-04-21",
        "seira": "ΦΤΜ Ζ",
        "retailID": "795"
    },
    {
        "date": "2021-05-08",
        "seira": "ΦΤΜ Ζ",
        "retailID": "796"
    },
    {
        "date": "2021-05-10",
        "seira": "ΦΤΜ Ζ",
        "retailID": "797"
    },
    {
        "date": "2021-05-17",
        "seira": "ΦΤΜ Ζ",
        "retailID": "798"
    },
    {
        "date": "2021-05-21",
        "seira": "ΦΤΜ Ζ",
        "retailID": "799"
    },
    {
        "date": "2021-05-26",
        "seira": "ΦΤΜ Ζ",
        "retailID": "800"
    },
    {
        "date": "2021-06-08",
        "seira": "ΦΤΜ Ζ",
        "retailID": "801"
    },
    {
        "date": "2021-06-09",
        "seira": "ΦΤΜ Ζ",
        "retailID": "802"
    },
    {
        "date": "2021-06-15",
        "seira": "ΦΤΜ Ζ",
        "retailID": "803"
    },
    {
        "date": "2021-06-22",
        "seira": "ΦΤΜ Ζ",
        "retailID": "804"
    },
    {
        "date": "2021-06-25",
        "seira": "ΦΤΜ Ζ",
        "retailID": "805"
    },
    {
        "date": "2021-06-28",
        "seira": "ΦΤΜ Ζ",
        "retailID": "806"
    },
    {
        "date": "2021-06-29",
        "seira": "ΦΤΜ Ζ",
        "retailID": "807"
    },
    {
        "date": "2021-06-30",
        "seira": "ΦΤΜ Ζ",
        "retailID": "808"
    },
    {
        "date": "2021-07-02",
        "seira": "ΦΤΜ Ζ",
        "retailID": "809"
    },
    {
        "date": "2021-07-02",
        "seira": "ΦΤΜ Ζ",
        "retailID": "810"
    },
    {
        "date": "2021-07-08",
        "seira": "ΦΤΜ Ζ",
        "retailID": "811"
    },
    {
        "date": "2021-07-09",
        "seira": "ΦΤΜ Ζ",
        "retailID": "812"
    },
    {
        "date": "2021-07-19",
        "seira": "ΦΤΜ Ζ",
        "retailID": "813"
    },
    {
        "date": "2021-07-21",
        "seira": "ΦΤΜ Ζ",
        "retailID": "814"
    },
    {
        "date": "2021-07-23",
        "seira": "ΦΤΜ Ζ",
        "retailID": "815"
    },
    {
        "date": "2021-07-23",
        "seira": "ΦΤΜ Ζ",
        "retailID": "816"
    },
    {
        "date": "2021-09-22",
        "seira": "ΦΤΜ Ζ",
        "retailID": "817"
    },
    {
        "date": "2021-09-27",
        "seira": "ΦΤΜ Ζ",
        "retailID": "818"
    },
    {
        "date": "2021-10-07",
        "seira": "ΦΤΜ Ζ",
        "retailID": "819"
    },
    {
        "date": "2021-10-12",
        "seira": "ΦΤΜ Ζ",
        "retailID": "820"
    },
    {
        "date": "2021-10-14",
        "seira": "ΦΤΜ Ζ",
        "retailID": "821"
    },
    {
        "date": "2021-10-22",
        "seira": "ΦΤΜ Ζ",
        "retailID": "822"
    },
    {
        "date": "2021-10-25",
        "seira": "ΦΤΜ Ζ",
        "retailID": "823"
    },
    {
        "date": "2021-10-27",
        "seira": "ΦΤΜ Ζ",
        "retailID": "824"
    },
    {
        "date": "2021-10-29",
        "seira": "ΦΤΜ Ζ",
        "retailID": "825"
    },
    {
        "date": "2021-10-29",
        "seira": "ΦΤΜ Ζ",
        "retailID": "826"
    },
    {
        "date": "2022-03-11",
        "seira": "ΦΤΜ Ζ",
        "retailID": "3"
    },
    {
        "date": "2022-03-11",
        "seira": "ΦΤΜ Ζ",
        "retailID": "4"
    },
    {
        "date": "2022-03-23",
        "seira": "ΦΤΜ Ζ",
        "retailID": "5"
    },
    {
        "date": "2022-03-28",
        "seira": "ΦΤΜ Ζ",
        "retailID": "6"
    },
    {
        "date": "2022-03-30",
        "seira": "ΦΤΜ Ζ",
        "retailID": "7"
    },
    {
        "date": "2022-03-31",
        "seira": "ΦΤΜ Ζ",
        "retailID": "8"
    },
    {
        "date": "2022-04-06",
        "seira": "ΦΤΜ Ζ",
        "retailID": "9"
    },
    {
        "date": "2022-04-12",
        "seira": "ΦΤΜ Ζ",
        "retailID": "10"
    },
    {
        "date": "2022-04-14",
        "seira": "ΦΤΜ Ζ",
        "retailID": "11"
    },
    {
        "date": "2022-04-15",
        "seira": "ΦΤΜ Ζ",
        "retailID": "12"
    },
    {
        "date": "2022-04-19",
        "seira": "ΦΤΜ Ζ",
        "retailID": "13"
    },
    {
        "date": "2022-04-19",
        "seira": "ΦΤΜ Ζ",
        "retailID": "14"
    },
    {
        "date": "2022-05-04",
        "seira": "ΦΤΜ Ζ",
        "retailID": "15"
    },
    {
        "date": "2022-05-10",
        "seira": "ΦΤΜ Ζ",
        "retailID": "16"
    },
    {
        "date": "2022-05-13",
        "seira": "ΦΤΜ Ζ",
        "retailID": "17"
    },
    {
        "date": "2022-05-16",
        "seira": "ΦΤΜ Ζ",
        "retailID": "18"
    },
    {
        "date": "2022-05-17",
        "seira": "ΦΤΜ Ζ",
        "retailID": "19"
    },
    {
        "date": "2022-05-18",
        "seira": "ΦΤΜ Ζ",
        "retailID": "20"
    },
    {
        "date": "2022-05-23",
        "seira": "ΦΤΜ Ζ",
        "retailID": "21"
    },
    {
        "date": "2022-05-24",
        "seira": "ΦΤΜ Ζ",
        "retailID": "22"
    },
    {
        "date": "2022-05-25",
        "seira": "ΦΤΜ Ζ",
        "retailID": "23"
    },
    {
        "date": "2022-05-27",
        "seira": "ΦΤΜ Ζ",
        "retailID": "24"
    },
    {
        "date": "2022-05-31",
        "seira": "ΦΤΜ Ζ",
        "retailID": "25"
    },
    {
        "date": "2022-06-02",
        "seira": "ΦΤΜ Ζ",
        "retailID": "26"
    },
    {
        "date": "2022-06-02",
        "seira": "ΦΤΜ Ζ",
        "retailID": "27"
    },
    {
        "date": "2022-06-03",
        "seira": "ΦΤΜ Ζ",
        "retailID": "28"
    },
    {
        "date": "2022-06-06",
        "seira": "ΦΤΜ Ζ",
        "retailID": "29"
    },
    {
        "date": "2022-06-08",
        "seira": "ΦΤΜ Ζ",
        "retailID": "30"
    },
    {
        "date": "2022-06-09",
        "seira": "ΦΤΜ Ζ",
        "retailID": "31"
    },
    {
        "date": "2022-06-16",
        "seira": "ΦΤΜ Ζ",
        "retailID": "32"
    },
    {
        "date": "2022-06-16",
        "seira": "ΦΤΜ Ζ",
        "retailID": "33"
    },
    {
        "date": "2022-06-17",
        "seira": "ΦΤΜ Ζ",
        "retailID": "34"
    },
    {
        "date": "2022-06-22",
        "seira": "ΦΤΜ Ζ",
        "retailID": "35"
    },
    {
        "date": "2022-06-24",
        "seira": "ΦΤΜ Ζ",
        "retailID": "36"
    },
    {
        "date": "2022-06-29",
        "seira": "ΦΤΜ Ζ",
        "retailID": "37"
    },
    {
        "date": "2022-06-29",
        "seira": "ΦΤΜ Ζ",
        "retailID": "38"
    },
    {
        "date": "2022-07-14",
        "seira": "ΦΤΜ Ζ",
        "retailID": "40"
    },
    {
        "date": "2022-07-15",
        "seira": "ΦΤΜ Ζ",
        "retailID": "41"
    },
    {
        "date": "2022-07-18",
        "seira": "ΦΤΜ Ζ",
        "retailID": "42"
    },
    {
        "date": "2022-07-18",
        "seira": "ΦΤΜ Ζ",
        "retailID": "43"
    },
    {
        "date": "2022-07-19",
        "seira": "ΦΤΜ Ζ",
        "retailID": "45"
    },
    {
        "date": "2022-07-20",
        "seira": "ΦΤΜ Ζ",
        "retailID": "47"
    },
    {
        "date": "2022-08-03",
        "seira": "ΦΤΜ Ζ",
        "retailID": "49"
    }
]
