{
    "menu": [
        {
            "url": "/",
            "name": "Αρχική Σελίδα",
            "i18n": "Αρχική Σελίδα",
            "class": "waves-effect waves-cyan",
            "icon": "home",
            "slug": "/"
        },
        {
            "navheader": "ΔΙΑΧΕΙΡΙΣΗ ",
            "icon": "more_horiz"
        },
        {
            "url": "/clients",
            "name": "Πελάτες",
            "i18n": "Πελάτες",
            "class": "waves-effect waves-cyan",
            "slug": "clients",
            "icon": "contacts"
        },
        {
            "url": "/products",
            "name": "Προϊόντα",
            "i18n": "Προϊόντα",
            "class": "waves-effect waves-cyan",
            "slug": "products",
            "icon": "local_grocery_store"
        },
        {
            "url": "/services",
            "name": "Υπηρεσίες",
            "i18n": "Υπηρεσίες",
            "class": "waves-effect waves-cyan",
            "slug": "services",
            "icon": "autorenew"
        },
        {
            "url": "javascript:void(0)",
            "name": "Προμηθευτές",
            "i18n": "Προμηθευτές",
            "class": "collapsible-header waves-effect waves-cyan",
            "slug": "providers",
            "icon": "airport_shuttle",
            "submenu": [
                {
                    "url": "/providers",
                    "name": "Προμηθευτές Εσωτερικού",
                    "i18n": "Προμηθευτές Εσωτερικού",
                    "slug": "providers"
                },
                {
                    "url": "/foreign-providers",
                    "name": "Προμηθευτές Εξωτερικού",
                    "i18n": "Προμηθευτές Εξωτερικού",
                    "slug": "foreign-providers"
                }
            ]
        },
        {
            "url": "/tasks",
            "name": "Υπενθυμίσεις",
            "i18n": "Υπενθυμίσεις",
            "class": "waves-effect waves-cyan",
            "slug": "tasks",
            "icon": "playlist_add_check"
        },
        {
            "url": "/application-settings",
            "name": "Ρυθμίσεις",
            "i18n": "Ρυθμίσεις",
            "class": "waves-effect waves-cyan",
            "slug": "settings",
            "icon": "settings"
        },
        {
            "navheader": "ΠΑΡΑΣΤΑΤΙΚΑ ",
            "icon": "more_horiz"
        },
        {
            "url": "/invoices",
            "name": "Τιμολόγια Παροχής",
            "i18n": "Τιμολόγια Παροχής",
            "class": "waves-effect waves-cyan",
            "slug": "invoices",
            "icon": "toc"
        },
        {
            "url": "/sale-invoices",
            "name": "Τιμολόγια Πώλησης",
            "i18n": "Τιμολόγια Πώλησης",
            "class": "waves-effect waves-cyan",
            "slug": "sale_invoices",
            "icon": "local_grocery_store"
        },
        {
            "url": "/delivery-invoices",
            "name": "ΤΔΑ",
            "i18n": "ΤΔΑ",
            "class": "waves-effect waves-cyan",
            "slug": "delivery_invoices",
            "icon": "local_grocery_store"
        },
        {
            "url": "/outcomes",
            "name": "Παραστατικά Εξόδων",
            "i18n": "Παραστατικά Εξόδων",
            "class": "waves-effect waves-cyan",
            "slug": "outcomes",
            "icon": "zoom_out_map"
        },
        {
            "url": "/retail-receipts",
            "name": "Αποδείξεις Λιανικής",
            "i18n": "Αποδείξεις Λιανικής",
            "class": "waves-effect waves-cyan",
            "slug": "retails",
            "icon": "receipt"
        }
    ]
}
